customerID,actual_churn,predicted_churn,churn_probability
4376-KFVRS,0,0,0.04591992641639814
2754-SDJRD,0,1,0.6837134457998395
9917-KWRBE,0,0,0.0589398501110897
0365-GXEZS,0,0,0.401835292135364
9385-NXKDA,0,0,0.021424257617131053
4686-UXDML,0,1,0.6029780267014173
2227-JRSJX,0,0,0.44762897774898286
4830-FAXFM,0,0,0.13033553673233306
1830-IPXVJ,0,0,0.002803554511964091
4690-LLKUA,1,0,0.3947387415335428
5804-HYIEZ,0,0,0.26917441773019823
2388-LAESQ,0,0,0.062298583362670835
5533-RJFTJ,0,0,0.12910400127671662
4706-AXVKM,1,1,0.6857755540347619
0997-YTLNY,0,0,0.12916234128273496
7971-HLVXI,0,0,0.057786874929956884
7337-CINUD,0,0,0.03232226947553994
1379-FRVEB,0,1,0.6368147089366816
4753-PADAS,0,0,0.18043339555092971
5701-GUXDC,0,0,0.08490457818617358
7235-NXZCP,1,1,0.7246374739562148
0668-OGMHD,0,0,0.2668254411275111
2812-REYAT,0,0,0.016644109783300932
8779-YIQQA,0,0,0.03647240169438359
9701-CDXHR,0,0,0.18112622949532525
7130-CTCUS,0,0,0.21047246013315737
1894-IGFSG,1,1,0.5726055615673307
0871-URUWO,1,1,0.6927425806115188
0057-QBUQH,0,0,0.018582442016580554
9611-CTWIH,1,1,0.775687689868125
8058-DMYRU,0,0,0.4441717151046524
5351-QESIO,0,0,0.43810751182388047
4302-ZYFEL,0,0,0.005333540203087495
6134-KWTBV,0,0,0.0048055663495082356
2034-GDRCN,1,1,0.7783783460798205
9544-PYPSJ,0,0,0.25460127123541343
4208-UFFGW,1,0,0.37737006244713905
9537-JALFH,0,0,0.001973286691600313
4415-IJZTP,1,1,0.7595044514959205
4701-MLJPN,1,0,0.1845707016372748
7515-LODFU,0,0,0.0026902754812339964
4927-WWOOZ,0,1,0.7865954948406346
4067-HLYQI,0,0,0.3481962215574137
6184-DYUOB,0,0,0.24199739010042795
9209-NWPGU,0,0,0.041211155022313706
9851-KIELU,1,1,0.5150041780463581
3199-XGZCY,0,1,0.7099373349591602
4226-KKDON,0,0,0.36872093678646156
1085-LDWAM,0,0,0.005288748606224007
6825-UYPFK,1,0,0.41158192464629556
1767-CJKBA,0,0,0.004346041182559344
7181-BQYBV,1,1,0.7248444934387663
0178-CIIKR,0,0,0.17650893503335505
4256-ZWTZI,0,0,0.26503541077932813
9537-VHDTA,0,0,0.2148359586764931
2754-XBHTB,1,1,0.6169123734610514
5975-BAICR,0,0,0.060226953360007315
3301-VKTGC,0,0,0.05471427340684315
2877-VDUER,0,0,0.07145289731585425
7717-BICXI,0,0,0.00320533858739762
0562-FGDCR,0,0,0.006549571356340898
3705-PSNGL,1,0,0.029486811316403374
0048-LUMLS,0,0,0.18322234666269266
6497-TILVL,0,0,0.18203115061581485
2108-YKQTY,1,0,0.25915666067848353
3658-KIBGF,1,0,0.36703625763222986
5482-NUPNA,1,0,0.20705308119503713
7410-KTVFV,1,0,0.28547884430652487
9033-EOXWV,1,0,0.20906688144325755
8821-XNHVZ,1,1,0.6368249646562831
8224-KDLKN,0,0,0.0024582703070254726
4825-FUREZ,0,0,0.012529453926529282
7534-BFESC,1,1,0.6208074639059578
9138-EFSMO,0,0,0.20362557324894942
4227-OJHAL,0,0,0.026902701314362124
7279-NMVJC,0,0,0.04874021799569329
8591-TKMZH,0,0,0.06199009139287789
9283-LZQOH,1,1,0.5345964405645626
3594-IVHJZ,0,0,0.24405555501399048
1945-XISKS,0,0,0.002874372899353846
4359-INNWN,0,0,0.04747687187159373
7649-SIJJF,0,0,0.01252004559903291
9254-RBFON,1,0,0.2329300851072318
0970-ETWGE,1,1,0.7903987266051368
7762-ONLJY,0,0,0.07003751784954418
6710-HSJRD,0,0,0.38577577244333405
8873-GLDMH,0,1,0.6623488312958782
9907-SWKKF,1,1,0.5199812915462327
4658-HCOHW,1,0,0.4986324667794418
9330-VOFSZ,0,0,0.09465753000895383
2860-RANUS,1,1,0.6208603835209837
6234-PFPXL,0,0,0.3169104615150692
7205-BAIAD,0,0,0.013027208527341513
3858-VOBET,1,1,0.6038713610641345
5103-MHMHY,1,0,0.2958508897111204
6119-SPUDB,0,0,0.016237514903508596
9389-ACWBI,0,0,0.4310047771651256
3454-JFUBC,0,0,0.004164042985006691
1768-ZAIFU,1,1,0.6811059990449531
7017-VFULY,0,0,0.17519638742821644
9221-OTIVJ,1,1,0.7657802911990897
2482-CZGBB,1,1,0.6392030661855344
7018-WBJNK,0,1,0.5263179529198941
3331-HQDTW,1,0,0.441733362573804
4695-VADHF,1,0,0.28613680572058503
4086-WITJG,0,0,0.0017165409012472798
6297-NOOPG,0,0,0.11003081366322134
8777-PVYGU,0,0,0.047936460745845684
4378-MYPGO,0,0,0.04567474977905318
9313-CDOGY,0,0,0.04563815108556976
4121-AGSIN,0,0,0.012638925804281269
0432-CAJZV,0,1,0.6353903766327829
9097-ZUBYC,0,0,0.17796830568497934
9638-JIQYA,0,1,0.5459505026888751
1024-GUALD,1,1,0.6552767748211564
8024-XNAFQ,0,0,0.04169375108398533
7587-RZNME,1,1,0.5066875761785746
1346-UFHAX,0,0,0.47832057556934404
6374-NTQLP,0,0,0.03781001324752203
6625-FLENO,0,0,0.004392953459682993
7375-WMVMT,0,0,0.041561122265109184
6910-HADCM,1,1,0.6026547925979094
7401-JIXNM,0,0,0.015271234000976582
7338-ERIVA,0,0,0.04090379393843027
5376-DEQCP,1,1,0.6988021873778737
0909-SELIE,0,0,0.016075208266287434
5419-KLXBN,1,0,0.3940594607704045
0365-TRTPY,0,0,0.20613951691351473
6712-OAWRH,1,1,0.6613721978120787
2428-ZMCTB,0,0,0.1256781879655715
1963-VAUKV,1,0,0.18915831841633912
9381-NDKME,1,0,0.39524142946435004
3729-OWRVL,0,0,0.11403166631804072
0895-LMRSF,0,0,0.2056932728305091
2676-SSLTO,0,0,0.03645408011163538
8495-PRWFH,0,0,0.1857323277160174
9030-QGZNL,0,0,0.04113504187485174
9972-NKTFD,0,0,0.09242772469920829
7998-WNZEM,0,0,0.008041663791617581
0979-PHULV,1,0,0.29071446574825005
6445-TNRXS,0,0,0.0493014529346885
9586-JGQKH,0,0,0.08700213048327789
3966-HRMZA,0,1,0.5508654424611172
5498-IBWPI,0,0,0.014788145723737139
6823-SIDFQ,0,0,0.03051404587817834
2323-ARSVR,0,0,0.06074429682607602
5468-BPMMO,0,0,0.039320908230868555
0486-HECZI,1,0,0.31281525915709923
2178-PMGCJ,0,0,0.4576511471477546
4660-IRIBM,0,0,0.40723098460921886
9674-EHPPG,0,0,0.01466306513003117
5606-AMZBO,0,1,0.5153096468773952
0665-XHDJU,0,0,0.1366051153269206
5402-HTOTQ,0,0,0.31718769253443646
8258-GSTJK,1,1,0.7690957772688731
3787-TRIAL,0,0,0.38238522043115003
6175-IRFIT,0,1,0.5785251546882898
6317-YPKDH,1,0,0.42185180159725627
5692-FPTAH,1,0,0.43483713046133354
5373-SFODM,1,1,0.5144072147270505
0868-VJRDR,0,0,0.043677680043052856
4079-VTGLK,0,0,0.14393228719730847
1166-PQLGG,0,0,0.0017103132309003782
5296-BFCYD,0,0,0.008964739433257499
6568-POCUI,0,0,0.10919039888204785
2839-RFSQE,1,0,0.1813420166021753
2188-SXWVT,0,0,0.03950495527598614
8849-GYOKR,1,0,0.1335534330873074
3623-FQBOX,0,0,0.12093134169347058
2649-HWLYB,0,0,0.010964412381419571
0599-XNYDO,0,0,0.4667608541035728
2514-GINMM,1,1,0.7513870332320981
8401-EMUWF,0,0,0.12060220311190324
5766-ZJYBB,1,0,0.19554556882235102
2604-IJPDU,0,0,0.38700496929611355
2501-XWWTZ,0,1,0.5373325135378175
6370-ZVHDV,0,0,0.00501030083988035
3027-YNWZU,0,0,0.004235582904132232
4526-ZJJTM,0,0,0.3928883735416216
0440-QEXBZ,0,0,0.15711295888420163
0330-IVZHA,1,1,0.5888174652956758
9758-MFWGD,0,0,0.040636526797378565
4229-CZMLL,1,1,0.7312337046003065
0742-MOABM,1,0,0.2529641001141326
4277-BWBML,0,0,0.001677798337799342
5136-GFPMB,0,0,0.2660056932540096
7520-HQWJU,0,0,0.038626689871572854
6304-IJFSQ,1,0,0.37927715419438673
0297-RBCSG,0,0,0.1197502776317437
6013-BHCAW,0,0,0.029606467929441653
4402-FTBXC,0,0,0.15706406769700448
1471-GIQKQ,0,0,0.3790012091274341
4283-FUTGF,1,1,0.6630668364733409
9548-LERKT,0,0,0.021276352607750012
8059-UDZFY,0,1,0.5126950334736321
0410-IPFTY,0,0,0.4084383485952136
2478-EEWWM,0,0,0.22539049724901444
4619-EVPHY,0,0,0.4497169607905535
2277-DJJDL,0,0,0.4472001572145601
2911-WDXMV,0,0,0.48000464711025337
3639-XJHKQ,0,0,0.1900242821733404
8173-RXAYP,0,0,0.016642640760457305
4537-CIBHB,0,0,0.061102565810443904
5442-BXVND,0,0,0.053715836266381836
2308-STERM,0,0,0.1858094995826402
7159-NOKYQ,0,0,0.1152737177217919
6075-QMNRR,0,0,0.05877915870145026
3694-GLTJM,0,0,0.20440769179782386
9629-NHXFW,0,0,0.21988962574309634
7167-PCEYD,0,0,0.004134296481652018
2748-MYRVK,1,0,0.14120125930408595
4223-WOZCM,0,0,0.36927081648181687
6946-LMSQS,1,0,0.42621542952429325
5469-NUJUR,0,0,0.0372969754756317
6388-TABGU,0,0,0.01051305545853202
1261-FWTTE,0,0,0.41970696698891247
8590-YFFQO,0,0,0.0038975735635261755
0082-OQIQY,0,1,0.5294048091673146
9465-RWMXL,1,1,0.5338451665130002
2930-UOTMB,1,0,0.08586430357167059
9128-CPXKI,0,0,0.10438807484407531
0484-FFVBJ,0,0,0.15539726168464815
1100-DDVRV,0,0,0.4963591286415608
9313-QOLTZ,0,0,0.06874268434973163
3338-CVVEH,0,1,0.7177364594893918
1131-SUEKT,0,0,0.1050270240432598
7602-DBTOU,0,0,0.002390912507597371
1385-TQOZW,0,0,0.17273314359020264
6892-XPFPU,1,1,0.718876831034533
4115-NZRKS,0,1,0.7798880697772774
5514-YQENT,0,0,0.08994599160011749
6319-IEJWJ,1,1,0.631068036835482
8849-AYPTR,0,0,0.4951660904003443
5893-PYOLZ,0,0,0.02546143239856096
7180-PISOG,1,1,0.725030242499718
8443-ZRDBZ,1,1,0.739847451737547
9079-YEXQJ,1,0,0.3263654644571192
3780-YVMFA,0,0,0.427767542823089
6968-MHOMU,0,0,0.09049470071688817
0899-LIIBW,0,1,0.5783300192597057
3677-IYRBF,1,1,0.6629646531797824
8393-DLHGA,1,1,0.5561182833841041
7691-XVTZH,0,0,0.07985900718484212
5360-LJCNJ,0,0,0.1007015722942052
3891-PUQOD,1,0,0.4159055412263999
0952-KMEEH,1,1,0.5468120817061346
4919-IKATY,1,1,0.5960516899911414
9746-UGFAC,0,0,0.03857229638048106
9108-EQPNQ,0,0,0.036982051363118836
0531-ZZJWQ,0,0,0.3818251336268392
8763-KIAFH,0,0,0.03951147296679949
5863-OOKCL,0,0,0.1356210468854674
2958-NHPPS,0,0,0.10412950221011924
9530-GRMJG,0,0,0.03010451185720601
1809-DMJHQ,1,0,0.2627898199606478
0164-XAIRP,0,0,0.027332079396756796
2926-JEJJC,0,0,0.10088351400844499
1169-WCVAK,0,0,0.32470144652719213
1217-VASWC,0,0,0.2703669885608529
2452-KDRRH,0,0,0.3727819427019305
6402-EJMWF,0,0,0.46837433145950474
7663-CUXZB,0,0,0.07252267931537593
4312-KFRXN,0,0,0.003256762602817947
3011-WQKSZ,0,0,0.14137664616106985
9747-DDZOS,1,1,0.5219457007474623
2091-MJTFX,1,0,0.18981189615060837
0388-EOPEX,1,1,0.6047400092197383
3161-ONRWK,0,0,0.012667941947769476
2587-EKXTS,0,0,0.4662175786517731
9752-ZNQUT,0,0,0.47609471395048397
9572-WUKSB,0,1,0.5498092362678897
3836-FZSDJ,0,0,0.003885781991736961
8805-JNRAZ,0,0,0.30417304300717296
3069-SSVSN,0,0,0.31348361505425504
8015-IHCGW,0,0,0.06404077842892962
8132-YPVBX,0,1,0.6019786867562096
0235-KGSLC,1,1,0.6486726469475267
1302-UHBDD,0,1,0.619257003051378
3722-WPXTK,1,1,0.7942303641445217
7531-GQHME,0,0,0.11562440395297946
1335-NTIUC,0,1,0.5671434001410548
9367-TCUYN,0,0,0.12294175299610026
1536-HBSWP,0,0,0.4214026149693939
8573-JGCZW,0,0,0.07135374022731218
2694-CIUMO,0,1,0.5015189993515206
2027-FECZV,1,1,0.7431671844056134
9103-TCIHJ,1,0,0.2843458704428912
1545-JFUML,0,0,0.0732268272421542
0524-IAVZO,1,1,0.6214817403516416
5519-TEEUH,0,0,0.0303113722771818
6654-QGBZZ,0,0,0.1906509384617809
2294-DMMUS,0,0,0.12303517136462848
0017-IUDMW,0,0,0.04260412991621963
5018-LXQQG,0,0,0.07232928625981919
5808-TOTXO,0,0,0.09898367858607952
1174-FGIFN,0,0,0.32311744284724797
0730-KOAVE,0,0,0.3792270122437673
1218-VKFPE,1,0,0.10498316770759318
5313-FPXWG,0,0,0.021786962484761474
2834-JKOOW,0,0,0.08590946629119377
9430-NKQLY,0,0,0.0034988971490054707
0363-QJVFX,1,0,0.3653915142327435
1658-TJVOA,0,1,0.6044382163053745
6685-GBWJZ,0,0,0.013323171263235277
6328-ZPBGN,1,1,0.7392472702629033
4003-FUSHP,0,0,0.2320575379037554
7690-KPNCU,0,0,0.03354509303901692
2969-WGHQO,0,0,0.13676297115828537
1855-CFULU,0,0,0.1914117507252204
9788-YTFGE,0,0,0.20911537621853393
8266-VBFQL,0,1,0.6423236104388763
2325-NBPZG,0,1,0.5921841172861952
9906-NHHVC,0,0,0.039699709726617446
2541-YGPKE,0,0,0.025902770480759393
5049-MUBWG,0,0,0.07007090298946628
2332-TODQS,0,0,0.016242591539384333
4419-UJMUS,0,0,0.09896747613666679
2233-TXSIU,0,0,0.127448604167857
6770-XUAGN,1,0,0.27141517767184425
2919-HBCJO,1,1,0.5413384538360306
9508-ILZDG,0,0,0.4914828596537022
5442-BHQNG,0,1,0.6081579421373002
7250-EQKIY,1,0,0.2940601779488956
6838-HVLXG,0,0,0.12310438929414019
9767-FFLEM,0,0,0.3057464501963667
2245-ADZFJ,0,0,0.0444504703223561
1150-WFARN,1,0,0.051034039989017926
9054-FOWNV,0,1,0.6258814567699637
7997-EASSD,0,0,0.08489807600970652
7560-QJAVJ,0,0,0.009183314568787196
2668-TZSPS,0,0,0.19236028989888357
9139-WQQDY,1,0,0.1811224866260162
6726-NNFWD,0,0,0.03918637541630971
9330-DHBFL,0,0,0.048299214829880095
5727-MYATE,0,0,0.01277670216519727
2824-DXNKN,0,0,0.012854545109117054
6166-ILMNY,1,1,0.5171441180086143
5236-XMZJY,0,0,0.05465316530896782
1709-EJDOX,0,0,0.005820436121387837
4962-CHQPW,0,0,0.025054799799914478
0301-FIDRB,0,0,0.011852964678653643
1820-TQVEV,1,1,0.7075859495982192
9115-YQHGA,0,0,0.1377001034415227
1541-ETJZO,1,0,0.31638876955340417
6230-BSUXY,1,1,0.7652196314656502
6797-LNAQX,1,0,0.05741046774813662
9588-YRFHY,0,0,0.008705969859474853
1092-GANHU,1,1,0.5686510473963324
5951-AOFIH,0,0,0.1849742996884507
7029-RPUAV,1,1,0.7006005573472237
4700-UBQMV,0,0,0.16792057731096646
3594-UVONA,1,0,0.09849529209938515
7750-EYXWZ,0,0,0.2649532316305004
7054-ENNGU,0,0,0.2473962496192408
0402-OAMEN,0,0,0.0024147093037535632
2195-VVRJF,0,0,0.2688440627117029
8819-ZBYNA,0,0,0.07136975877957072
7748-UMTRK,0,1,0.5739446487013818
1741-WTPON,0,0,0.0489389475801975
7209-JCUDS,1,1,0.739947344697066
2485-ITVKB,1,1,0.693280381505446
9648-BCHKM,0,0,0.03875620152066326
0743-HRVFF,0,0,0.10247595645689447
2522-AHJXR,0,0,0.2527791048575382
9143-CANJF,0,0,0.09977852559856888
1444-VVSGW,1,0,0.07082261139040678
6898-MDLZW,0,0,0.2342665183715419
0074-HDKDG,0,0,0.060162807806899504
3982-JGSFD,0,0,0.02932596191003132
7928-VJYAB,0,1,0.6082059398140712
1522-VVDMG,1,1,0.5402084211472428
2665-NPTGL,0,1,0.6572402435308092
8728-SKJLR,0,0,0.30509883650366315
7733-UDMTP,0,0,0.2382854334479031
0431-APWVY,1,0,0.3128825018472141
5081-NWSUP,0,0,0.12203334184534842
2746-DIJLO,0,0,0.07716758903456458
7277-OZCGZ,0,0,0.4117722319555308
5236-PERKL,1,0,0.09710775835368454
2788-CJQAQ,0,0,0.06450492709739328
3096-WPXBT,0,0,0.09204846445887628
9962-BFPDU,0,0,0.1609978895577529
2892-GESUL,0,0,0.021908792964617663
9741-YLNTD,0,1,0.6252323628025904
1205-WNWPJ,1,0,0.34954148588301753
3173-NVMPX,0,0,0.3411254278552694
9661-MHUMO,1,0,0.32031289815086716
6000-APYLU,1,1,0.6944439956048722
0048-PIHNL,0,0,0.011386290767868438
9420-LOJKX,1,0,0.4738953633427549
7061-OVMIM,0,0,0.022646389050641477
5671-RQRLP,0,0,0.05977217849069686
5129-JLPIS,0,0,0.46268074047010216
5170-PTRKA,0,0,0.027650892473394924
4819-HJPIW,0,0,0.3081462183160441
8780-RSYYU,0,0,0.09360691344779477
2335-GSODA,0,0,0.03239958941006846
5696-CEIQJ,0,0,0.03439959317157384
6169-PPETC,0,0,0.009584348360443584
4237-RLAQD,1,0,0.4380298270386439
7359-WWYJV,0,0,0.038675650899349386
8620-RJPZN,0,0,0.24023219578927058
7426-WEIJX,0,0,0.2255059966845089
7629-WIXZF,0,0,0.25604068679455866
2616-FLVQC,0,0,0.003287093879718606
9163-GHAYE,0,0,0.2636243308880341
4464-JCOLN,1,0,0.0849926668234114
2971-SGAFL,0,0,0.48730467915081266
4735-ASGMA,1,1,0.7084799343943057
5245-VDBUR,0,0,0.033037855846233484
1493-AMTIE,1,0,0.24377447023999638
1112-CUNAO,1,1,0.6358212841856199
7571-YXDAD,1,1,0.5802982229695185
8714-EUHJO,1,1,0.526831905940159
9040-KZVWO,0,0,0.16862722312802672
6713-OKOMC,0,0,0.2932798463095552
8749-CLJXC,0,0,0.19356904570674088
4713-LZDRV,1,1,0.7692106555711548
6598-RFFVI,1,0,0.0938554964186698
7470-MCQTK,1,1,0.5515713098299383
5524-KHNJP,0,0,0.06266999379608934
1707-HABPF,0,0,0.18773545768517486
4581-LNWUM,0,1,0.5485315897541618
9710-ZUSHQ,1,0,0.4488702488686824
1697-LYYYX,0,0,0.005246011626023653
4013-GUXND,0,0,0.1913073528662369
5022-JNQEQ,0,0,0.4962852686393015
4983-CCWMC,0,1,0.6231315728587246
6345-FZOQH,0,0,0.0026568059805047147
0962-CQPWQ,0,0,0.0027006122218562302
5495-GPSRW,0,0,0.036043785370985924
2252-JHJGE,0,0,0.18068290652082566
7356-AYNJP,0,0,0.15849954697346297
2019-HDCZY,0,0,0.12889653009175972
8582-KRHPJ,0,0,0.08552329106303477
2867-UIMSS,1,1,0.6716443904844366
3487-EARAT,0,0,0.008742543561805123
9926-PJHDQ,0,0,0.026630241707458657
0289-IVARM,0,0,0.09481262927001381
4672-FOTSD,0,0,0.26127248357640215
6198-PNNSZ,0,0,0.1305397261916294
7603-USHJS,1,1,0.5439617539042292
6784-XYJAE,0,0,0.10572944780518143
3858-XHYJO,0,0,0.20442000430768298
1087-UDSIH,1,0,0.23848631015530244
7251-LJBQN,0,0,0.3075879482999913
3200-MNQTF,0,0,0.00614139320193514
9359-UGBTK,0,0,0.01957666613427885
8160-HOWOX,0,1,0.5617317668293732
0258-NOKBL,0,1,0.6082823116761243
2800-QQUSO,0,1,0.5241388255438469
2129-ALKBS,0,0,0.07919633726618239
9972-VAFJJ,0,0,0.17164991189072884
4693-VWVBO,0,0,0.22763663337720963
6969-MVBAI,0,1,0.7733211111830322
4821-WQOYN,0,0,0.0023089126040783162
6769-DYBQN,1,0,0.28017404258208345
4018-PPNDW,0,0,0.006401089272436697
6288-CHQJB,0,0,0.009064515509221641
4905-JEFDW,1,0,0.41991767543728603
0559-CKHUS,0,0,0.023628499515248796
2659-VXMWZ,1,0,0.16650537439701255
6559-RAKOZ,0,0,0.27730540349347194
8809-XKHMD,0,0,0.03693451707013663
6365-HITVU,0,0,0.006559703511912403
0134-XWXCE,0,0,0.06441613887168178
9720-JJJOR,0,0,0.03454613003841664
2782-LFZVW,0,0,0.47279853708606817
6112-KTHFQ,0,0,0.1658493430601986
9220-ZNKJI,0,0,0.04982162269524488
9820-RMCQV,1,0,0.17802041730603985
9013-AQORL,0,0,0.08995459471147184
2040-OBMLJ,0,0,0.15598228976863293
5574-NXZIU,0,0,0.03339211346020896
5446-DKWYW,0,0,0.08366695628278521
0480-KYJVA,0,0,0.0023992363074996407
1074-AMIOH,0,0,0.22538704842966759
0015-UOCOJ,0,0,0.394754193633423
0256-LTHVJ,1,0,0.49397164040666114
4547-LYTDD,1,1,0.5768986481311841
1077-HUUJM,0,1,0.5981615759508694
2041-JIJCI,0,1,0.5678648313788677
1555-HAPSU,0,0,0.0024711163162546095
4323-SADQS,1,0,0.3542000785865016
3292-PBZEJ,0,1,0.705130169560436
6203-HBZPA,0,0,0.019935509345954006
9755-JHNMN,0,0,0.008027999779759038
7369-TRPFD,0,0,0.04895849534623504
9878-TNQGW,1,1,0.7405509269898861
2279-AXJJK,0,0,0.2671978992678298
5016-IBERQ,0,0,0.4812704811055566
1016-DJTSV,0,1,0.6868528368241876
8433-WPJTV,0,0,0.15958338562667063
8903-XEBGX,0,1,0.5081580323009595
2632-TACXW,0,0,0.004760994982559443
7952-OBOYL,0,1,0.5769435021258731
1470-PSXNM,0,0,0.24437926995718287
6227-HWPWX,1,0,0.3533195844549471
5924-SNGKP,0,0,0.018746373577736532
8818-DOPVL,0,1,0.5838439886576892
4521-WFJAI,0,0,0.00900594425834368
4724-WXVWF,0,0,0.30909168985636504
3717-OEAUQ,0,1,0.5354769704285772
8165-ZJRNM,0,0,0.0024309616893965057
7838-LAZFO,0,0,0.04923994071581482
0513-RBGPE,0,0,0.02353880095662992
7251-XFOIL,0,0,0.24225088420157362
2525-GVKQU,0,0,0.003733523717364594
7579-OOPEC,1,0,0.31414781235594774
3795-GWTRD,0,0,0.005604076912355972
4750-ZRXIU,1,1,0.8063023389748906
5445-PZWGX,1,0,0.0897028687587468
0516-UXRMT,0,0,0.11566787061442971
0727-BNRLG,0,0,0.0546198993470375
3932-CMDTD,1,0,0.47878686688579347
1264-FUHCX,0,0,0.08106982917563635
6194-HBGQN,0,0,0.04009085166836981
4524-QCSSM,0,0,0.24313060256606975
4570-QHXHL,0,0,0.4391613435582012
2972-YDYUW,0,0,0.1344531778626734
2061-VVFST,0,0,0.04110078319221804
6874-SGLHU,0,0,0.31373523172093987
9844-FELAJ,0,0,0.17851772800219762
1902-XBTFB,1,1,0.5108738253957628
9039-RBEEE,1,0,0.11695818288717036
9369-XFEHK,1,0,0.42536004551997897
3680-CTHUH,0,0,0.12503286354758858
3679-XASPY,0,0,0.20927913682961236
9089-UOWJG,0,0,0.3215839053913794
1574-DYCWE,0,0,0.004818617134766696
9779-DPNEJ,0,1,0.5493385027331584
2967-MXRAV,0,0,0.09041489135725264
0327-WFZSY,0,0,0.31497879174634263
1731-TVIUK,1,1,0.6788388021002296
7666-WKRON,1,0,0.1053788416395198
3865-ZYKAD,0,0,0.1388134230399371
1465-LNTLJ,0,0,0.3576088193036283
2696-RZVZW,0,0,0.0035630542173093276
0685-MLYYM,1,1,0.6410653136744116
2778-OCLGR,1,0,0.25097011001128133
3982-XWFZQ,1,0,0.22547042024993977
4759-PXTAN,0,0,0.0882214532813541
1448-PWKYE,1,1,0.6278978481253211
8741-LQOBK,0,0,0.05346499052030248
8650-RHRKE,1,1,0.6166551445562463
7266-GSSJX,0,0,0.19579945976233606
1265-HVPZB,0,0,0.022026600194243552
9640-ZSLDC,0,0,0.03348433580482919
0988-JRWWP,0,1,0.5523861071764713
1926-QUZNN,0,0,0.00443374114321376
9025-ZRPVR,1,0,0.19717597289449112
6527-PZFPV,0,0,0.04111345361357397
7460-ITWWP,0,0,0.4542509924742385
1530-ZTDOZ,0,0,0.09012279960400049
4785-FCIFB,0,0,0.005316041536986293
9717-QEBGU,0,1,0.6974717627722977
0876-WDUUZ,1,1,0.539051361498712
7881-EVUAD,1,1,0.5598112012996972
4002-BQWPQ,0,0,0.12033856667709018
6377-WHAOX,0,0,0.45718993121574064
5027-YOCXN,0,0,0.09034373336816434
8450-JOVAH,1,0,0.26609902157479487
6646-QVXLR,1,0,0.31628866748815926
0254-KCJGT,0,0,0.04082125803755354
3442-ZHHCC,0,0,0.030088964604749788
9167-APMXZ,0,1,0.5812860685487388
0616-ATFGB,1,1,0.606322213348047
7273-TEFQD,1,1,0.7036734056918575
8245-UMPYT,1,1,0.7829393541080174
6022-UGGSO,1,0,0.44090418417290206
6292-TOSSS,0,0,0.008134207413213801
5207-PLSTK,0,0,0.30267985291822624
3908-BLSYF,1,1,0.6289571163050166
4317-VTEOA,1,0,0.47110681442637253
0625-AFOHS,0,0,0.013128311147333782
4667-OHGKG,1,0,0.26104750039771557
2386-OWURY,0,0,0.34193073954031383
3780-DDGSE,0,0,0.22762192635666365
1047-RNXZV,0,0,0.008791507853561758
3926-YZVVX,0,0,0.03352195845609778
4742-TXUEX,0,0,0.005380672088372562
8709-KRDVL,0,1,0.6283825909876694
0397-ZXWQF,0,0,0.002689011038221039
3910-MRQOY,0,0,0.0021583821499479537
2511-MORQY,0,0,0.03767891598220247
4039-PIMHX,0,0,0.020270803377826364
8083-YTZES,1,1,0.7438285491997743
1346-PJWTK,0,0,0.12065425993198858
3750-YHRYO,0,0,0.06778790840231079
1236-WFCDV,1,1,0.5699445929825087
5949-HGVJL,0,0,0.3033477648657529
9112-WSNPU,0,0,0.360646047648196
1360-JYXKQ,0,0,0.25076256561662674
3585-ISXZP,1,1,0.6496831802610258
8380-PEFPE,1,1,0.6503363181999751
9402-ROUMJ,0,0,0.06930454854488913
4335-UPJSI,0,0,0.016470711237700348
6096-EGVTU,0,0,0.007246497388699392
8988-ECPJR,1,0,0.3855314941838028
7677-SJJJK,0,0,0.05958483589929602
5850-BDWCY,0,0,0.15667077077322628
2025-JKFWI,1,1,0.6477963164932139
8028-PNXHQ,0,0,0.005589436929292306
8397-MVTAZ,1,1,0.6665013077851484
4445-ZJNMU,0,1,0.6925367075444
3125-RAHBV,0,0,0.03888066721716589
6682-QJDGB,1,0,0.07120198381739988
8840-DQLGN,1,0,0.32114483763474766
6258-NGCNG,0,0,0.20071294229084388
5917-RYRMG,0,0,0.028285690134145874
7157-SMCFK,0,0,0.002975024959196436
0816-TSPHQ,0,0,0.1844869641675128
6766-HFKLA,0,0,0.08491503932165038
7067-KSAZT,1,0,0.2984028477742685
5155-AZQPB,0,0,0.16777806753214988
6890-PFRQX,0,0,0.23985625356091383
3508-VLHCZ,0,0,0.012739912860438376
3649-JPUGY,0,0,0.022034726646396916
9248-OJYKK,1,1,0.7821838556488229
7239-HZZCX,1,0,0.1944793947515655
9860-LISIZ,0,0,0.04787329809320558
6979-ZNSFF,1,1,0.7544270302706594
8938-UMKPI,1,1,0.5415611466318072
1820-DJFPH,0,0,0.003526236035089268
0732-OCQOC,0,0,0.008636149458391928
6776-TLWOI,1,0,0.1802044173321131
4940-KHCWD,0,0,0.007393746004374944
9057-SIHCH,1,1,0.8170418711563296
9866-QEVEE,1,1,0.5986379677155566
5542-TBBWB,0,1,0.7061787168448527
4587-VVTOX,1,1,0.7736347765409785
6322-HRPFA,0,0,0.025327208109391135
6284-AHOOQ,1,1,0.5282339337773259
4530-NDRKU,0,0,0.027190769637313934
1751-NCDLI,0,1,0.6228310494495366
3893-JRNFS,0,0,0.08789510426859219
5857-XRECV,0,0,0.07553013105171003
3115-CZMZD,0,0,0.048970011162232874
4489-SNOJF,1,0,0.12488952871545769
1051-GEJLJ,0,0,0.18432446622495124
3563-SVYLG,0,0,0.0034945111610360483
4301-VVZKA,0,1,0.6612341189901584
9351-HXDMR,0,0,0.06170506629082766
5161-XEUVX,0,0,0.11029054043883296
3088-FVYWK,0,0,0.005669665571552625
9812-GHVRI,0,0,0.36447208125152836
1370-GGAWX,0,0,0.30363879344939365
6023-YEBUP,1,1,0.8175864080085135
9940-RHLFB,1,1,0.6075234910763443
4541-RMRLG,1,0,0.19991964799439782
2606-RMDHZ,1,0,0.4565188420521431
5575-TPIZQ,0,0,0.31825249171636827
9378-FXTIZ,1,0,0.10270694808353213
4631-OACRM,1,1,0.6878698596305833
8593-WHYHV,1,1,0.7888969556652148
1403-GYAFU,0,0,0.001819280978951701
7641-TQFHN,0,0,0.10953533829259382
4237-CLSMM,0,0,0.18959065606128128
4360-PNRQB,0,1,0.5514630107563036
5334-AFQJB,0,0,0.004940733103440713
9308-ANMVE,0,0,0.07609491917891006
3530-VWVGU,0,0,0.06702125879741522
4674-HGNUA,0,0,0.00960048637936872
3030-YDNRM,0,1,0.715784935828237
3642-BYHDO,0,0,0.0017568265499630232
0440-UEDAI,0,0,0.10730109914325246
9819-FBNSV,0,0,0.3448824690938925
9289-LBQVU,0,0,0.04110396618580586
4468-YDOVK,0,0,0.2614715861986434
2001-EWBQU,0,0,0.12863553447589257
9992-UJOEL,0,0,0.3874430663979824
8409-WQJUX,0,0,0.21117946529974652
3077-RSNTJ,0,0,0.13262978265297376
6993-YCOBK,0,0,0.09103770134597586
4817-VYYWS,1,1,0.644665924751794
4702-HDRKD,0,0,0.025096958946872357
3251-YMVWZ,0,0,0.013931989774557898
4190-MFLUW,1,0,0.15486295356439797
4678-DVQEO,1,0,0.4105603926329833
4701-AHWMW,1,0,0.1466881066363407
2987-BJXIK,0,0,0.01741992068401427
1730-VFMWO,0,0,0.08847857748674602
1936-UAFEH,0,0,0.03612067798394494
5140-FOMCQ,0,0,0.16969759682749008
8778-LMWTJ,0,1,0.542804447066995
9840-DVNDC,1,1,0.6244713953854564
8033-VCZGH,0,0,0.3053671538358457
8580-QVLOC,1,0,0.00976966960441978
6128-AQBMT,0,0,0.3805544334442248
6257-RJOHI,0,0,0.3228747826309719
1929-ZCBHE,0,0,0.03159348431222391
6242-SGYTS,0,0,0.0896337141880261
7010-ZMVBF,0,0,0.07946729561215726
3519-ZKXGG,1,1,0.7472909961519556
5666-MBJPT,0,0,0.006189310514229677
3313-QKNKB,1,0,0.18627194116145937
7581-EBBOU,0,0,0.030005168773231804
1784-BXEFA,0,0,0.18124232573634416
7492-TAFJD,0,0,0.07822159944747806
5213-TWWJU,0,0,0.3792484462870185
3312-ZWLGF,0,1,0.5205304378064646
2923-ARZLG,0,0,0.1292517137486267
7032-LMBHI,0,0,0.06795546126427529
8292-ITGYJ,0,0,0.012034433940187118
9107-UKCKY,0,0,0.11688087953783718
6848-HJTXY,0,0,0.002948368606196421
4184-VODJZ,0,0,0.1729373621210551
4846-WHAFZ,1,1,0.5225160275136379
8735-SDUFN,0,0,0.003549421592038508
0839-JTCUD,0,0,0.010779052113090526
6857-VWJDT,1,1,0.7087847295988223
7363-QTBIW,0,1,0.7012714758178997
6158-HDPXZ,0,0,0.487817073609738
5419-CONWX,1,1,0.6777412583634911
9286-DOJGF,1,0,0.42208370802517275
2408-PSJVE,0,0,0.06973317238865094
2087-QAREY,0,0,0.22170897601591205
6777-TGHTM,1,0,0.20455299725773154
6507-ZJSUR,0,1,0.6954052171748517
5025-GOOKI,0,0,0.11385721204365483
6080-LNESI,0,0,0.008422479709503385
2236-HILPA,0,0,0.0026169368391904153
1386-ZIKUV,0,0,0.2117157440437063
3365-SAIGS,0,1,0.5983101608936537
6061-GWWAV,0,0,0.03431546162171644
9979-RGMZT,0,0,0.4857775331393552
8445-DNBAE,0,1,0.5351577736180138
6872-HXFNF,0,0,0.021194211599702983
1320-HTRDR,1,1,0.7431344103990504
3923-CSIHK,1,0,0.3281336709104442
2446-ZKVAF,0,0,0.2238289056470652
4640-UHDOS,1,0,0.316630762201898
5457-COLHT,0,0,0.006814957571177806
2254-DLXRI,0,1,0.6611604628056815
5339-PXDVH,0,1,0.6192762919317124
2386-LAHRK,1,1,0.5044510090896014
5062-CJJKH,0,0,0.06764531063698791
8930-XOTDP,0,0,0.22199663740402437
4779-ZGICK,0,0,0.008099705092600443
9534-NSXEM,0,0,0.04665789974385846
3716-BDVDB,1,1,0.7093894243794123
9842-EFSYY,0,0,0.4572025261703686
9122-UMROB,0,0,0.19281289818807654
1867-BDVFH,1,1,0.6546102486126695
5949-EBSQK,1,0,0.23089576542878162
4160-AMJTL,1,0,0.21236665857727918
8622-ZLFKO,0,1,0.7375226674432827
2990-IAJSV,0,0,0.011462224374698184
6064-ZATLR,0,0,0.02630682736450761
7409-KIUTL,1,1,0.6804887159361391
5505-OVWQW,0,0,0.052405484872329745
3948-KXDUF,0,0,0.0064364360554066205
9814-AOUDH,0,0,0.004980477438211302
7398-LXGYX,0,0,0.25799744184390444
5266-PFRQK,0,0,0.011634555447318009
1568-BEKZM,0,0,0.014061555912055509
2692-PFYTJ,0,0,0.3093067721228362
2533-QVMSK,1,0,0.0946595547495325
5828-AVIPD,1,0,0.45091200307295104
2907-ILJBN,0,0,0.055886597047132086
5226-NOZFC,0,1,0.5271123934214651
7114-AEOZE,0,0,0.003548152839297939
2202-CUYXZ,1,1,0.7428096288993138
3466-RITXD,0,0,0.41841184570875883
7278-CKDNC,0,1,0.6019545519988221
1956-YIFGE,0,0,0.32699873194387563
0422-UXFAP,0,0,0.36949947480693296
3733-UOCWF,0,0,0.10154966287569311
7191-ADRGF,0,0,0.05383838207588832
5709-LVOEQ,0,0,0.08552102125262515
6034-YMTOB,0,1,0.5069197000773794
6372-RFVNS,1,1,0.6783698098260172
9052-DHNKM,0,0,0.09399205397214354
5609-IMCGG,0,0,0.4621074758406822
2959-MJHIC,1,1,0.7329580642421648
1319-YLZJG,0,0,0.47623523587033006
7623-TRNQN,1,0,0.30414669384315035
0377-JBKKT,0,0,0.1032838202470697
1936-CZAKF,0,0,0.042574271306650334
5063-IUOKK,0,0,0.034322682241465424
8646-JCOMS,0,0,0.080520957137555
0979-MOZQI,0,0,0.02190811682044356
1525-LNLOJ,0,0,0.02361567886055419
5759-RCVCB,1,0,0.49164644121665696
9968-FFVVH,0,0,0.013254219813102944
2266-FUBDZ,0,0,0.025816444290823515
4760-THGOT,0,0,0.3994533006264844
2307-FYNNL,0,0,0.11333363673436822
1143-NMNQJ,1,1,0.7887747794513426
1629-DQQVB,0,0,0.16292107287534768
3766-EJLFL,0,0,0.05371056062196805
8457-XIGKN,0,0,0.11486647200932396
4981-FLTMF,0,0,0.02632816587158252
7606-BPHHN,0,0,0.00300219010104933
7005-CCBKV,1,1,0.686885424122966
4648-YPBTM,0,0,0.03003453520449188
2325-ZUSFD,1,0,0.03996605683435503
1240-KNSEZ,1,0,0.2580640505597385
0430-IHCDJ,0,0,0.458044470699242
7957-RYHQD,1,0,0.2217938137425024
6164-HAQTX,0,0,0.007173133406039849
0749-IRGQE,0,1,0.5862233164944436
1227-UDMZR,0,0,0.016810757417165888
5473-KHBPS,0,0,0.16121980257839694
5297-MDOIR,0,0,0.06352179632655529
8873-TMKGR,0,0,0.031508836749786544
6481-ESCNL,0,0,0.49978560405464323
0463-WZZKO,0,0,0.2205688640676479
1038-RQOST,0,0,0.0781038308563858
4937-QPZPO,0,0,0.2762476775003194
3604-WLABM,0,0,0.25899503330610113
1360-XFJMR,0,0,0.14511709499846182
8717-VCTXJ,0,0,0.025210821663064212
5196-SGOAK,1,1,0.6595471073352822
8739-XNIKG,0,1,0.778415228323891
2320-TZRRH,0,0,0.04635028128862203
5186-SAMNZ,1,1,0.6559404952963808
5760-FXFVO,0,1,0.5336629968080296
5380-WJKOV,1,1,0.6185293144069283
4703-MQYKT,0,0,0.023793554741220864
2001-MCUUW,0,0,0.13396160172746346
4947-DSMXK,0,0,0.4939721927582291
0076-LVEPS,0,0,0.11309521819219673
5566-SOEZD,0,0,0.13147545718405104
7408-OFWXJ,0,0,0.009060843620104106
1097-FSPVW,0,0,0.062017675046579006
4412-YLTKF,1,1,0.607615431669496
0420-TXVSG,0,0,0.012739415289139853
7817-BOQPW,1,1,0.7502140358394447
0963-ZBDRN,1,1,0.5150940423940169
9685-WKZGT,1,1,0.7044129333675736
2139-FQHLM,0,0,0.36718852404659497
5825-XJOCM,0,0,0.036190638866479684
0004-TLHLJ,1,1,0.679793154364787
7529-ZDFXI,0,0,0.41214385983009416
6848-YLDFR,0,0,0.03635744093043256
5820-PTRYM,0,0,0.029862410849494512
2984-RGEYA,0,0,0.0019451946136443805
6434-TTGJP,0,0,0.05601386401046463
9643-AVVWI,0,1,0.508456629593902
3506-OVLKD,0,0,0.03041268555244725
4946-EDSEW,1,0,0.14964422857886836
2924-KHUVI,0,0,0.2584771651278341
2263-SFSQZ,0,0,0.009898219487408034
5281-BUZGT,1,1,0.5060638205779796
3717-FDJFU,0,0,0.03912596438165955
2239-CFOUJ,0,0,0.087893790145799
8699-ASUFO,1,1,0.6959711497880567
1122-YJBCS,0,0,0.014878767187176936
0628-CNQRM,1,0,0.07534103774535418
1705-GUHPV,0,0,0.004950467779661037
4877-TSOFF,0,0,0.029450997837097755
7404-JLKQG,0,0,0.45908948163290086
0379-DJQHR,0,0,0.009763624498577737
8993-PHFWD,1,1,0.5366663441578817
3930-ZGWVE,0,0,0.1944793947515655
1965-DDBWU,1,1,0.5419404924175195
7572-KPVKK,0,0,0.1226906486497945
6854-EXGSF,0,0,0.2827094792637501
9483-GCPWE,0,0,0.06159639018107602
8053-WWDRO,1,0,0.15213688624770236
9473-CBZOP,0,0,0.07635633634445209
3985-HOYPM,0,0,0.03630828000364633
8378-LKJAF,0,0,0.4859221059971903
1310-QRITU,0,0,0.41813636242006197
3237-AJGEH,1,0,0.40731372677980704
6542-LWGXJ,0,0,0.47215315972284205
6953-PBDIN,0,0,0.012476240584717208
6332-FBZRI,0,0,0.013973997993709191
9365-CSLBQ,0,0,0.00271049057341486
3466-WAESX,0,0,0.32083464723858235
9700-ISPUP,0,0,0.306220571464224
5167-ZFFMM,1,1,0.6850887332284018
7669-LCRSD,0,0,0.33915575790464064
0870-VEMYL,1,0,0.15962948079388417
2995-UPRYS,1,0,0.22178831683642503
3179-GBRWV,0,0,0.22359339163402028
0701-TJSEF,0,0,0.23550759038380076
1848-LBZHY,0,0,0.27419263102131936
5380-XPJNZ,0,0,0.02000521369331736
6608-QQLVK,1,1,0.5072305722495984
1475-VWVDO,0,1,0.6522529064416106
3721-CNEYS,1,1,0.6898429026890942
4299-OPXEJ,0,0,0.006265479997555799
0096-BXERS,0,0,0.44778289314483255
3055-VTCGS,0,0,0.027026655000438594
9405-GPBBG,0,0,0.08499254564495191
6704-UTUKK,0,0,0.48893876581908463
9944-AEXBM,0,1,0.5018839629649603
2545-EBUPK,0,1,0.8173336564113436
6270-OMFIW,1,0,0.2220364753642264
1852-XEMDW,0,0,0.152656773686313
8158-WPEZG,0,0,0.41438249129802973
5198-EFNBM,0,0,0.20808466735353034
7663-RGWBC,1,0,0.4461660817880003
3970-XGJDU,0,0,0.004565517777403366
6845-RGTYS,1,0,0.36679516985334104
0123-CRBRT,0,0,0.01437939467766655
6077-BDPXA,0,1,0.6850641947053263
2250-IVBWA,0,0,0.08647281308733239
6137-NICCO,0,1,0.6212904209311666
8129-GMVGI,0,0,0.003781252556739449
4353-HYOJD,0,0,0.11587114321872254
8671-KKKOS,0,0,0.12409772295318341
8080-DDEMJ,1,0,0.4620720419368029
6698-OXETB,0,0,0.03713039354089302
3312-UUMZW,0,1,0.5468231563858198
6376-GAHQE,1,1,0.6603062421323055
0733-VUNUW,1,0,0.21127027075884056
6733-LRIZX,0,0,0.19949357351232835
2165-VOEGB,1,0,0.10088059450838519
1853-UDXBW,1,1,0.6621367788395911
9070-BCKQP,0,0,0.05660929599350843
1035-IPQPU,0,0,0.47189337445682816
2057-ZBLPD,1,1,0.6759416426033517
6967-PEJLL,0,0,0.06911593468883387
7879-CGSFV,0,0,0.14228322750275496
2257-BOVXD,0,0,0.3402046240260254
9822-BIIGN,0,0,0.06914289218059712
1136-XGEQU,0,0,0.06568532378740131
2439-LYPMQ,0,1,0.6514292412868541
6543-XRMYR,1,1,0.678355292839334
5753-QQWPW,0,0,0.06723212360902507
4785-QRJHC,1,0,0.11069009061103659
0052-YNYOT,0,0,0.007250332898998182
7054-LGEQW,1,0,0.3441816681219255
0608-JDVEC,0,0,0.008784651835668487
6284-KMNUF,0,0,0.2529339681907881
6286-SUUWT,0,0,0.1938721350593609
3594-KADLU,0,0,0.28721342797150157
0536-ACXIP,0,0,0.10654715059565435
8869-TORSS,1,0,0.025511270711952208
0373-AIVNJ,0,0,0.15329098537803937
6429-SHBCB,0,0,0.3832482371599787
5751-USDBL,0,0,0.018046953601024714
6815-ABQFQ,0,0,0.25061649843776834
9450-TRJUU,0,0,0.4893995975102379
2805-AUFQN,0,0,0.01751689885470576
7855-DIWPO,0,1,0.5475701840203933
0174-QRVVY,0,0,0.0025628501318064037
9507-EXLTT,1,1,0.6733801545425009
8390-FESFV,0,0,0.021218974711052795
0661-KBKPA,0,0,0.07246766669606225
6856-RAURS,0,1,0.6890109205248663
7322-OCWHC,0,0,0.030300462773757336
2203-GHNWN,0,1,0.5191341687490778
3413-CSSTH,0,0,0.16712935413731744
3006-XIMLN,1,1,0.7241719679660221
3750-CKVKH,1,1,0.7066013106085626
0576-WNXXC,1,1,0.6361608138861748
7056-IMHCC,1,1,0.5436972971040483
0866-QLSIR,1,0,0.05472023291470506
1628-BIZYP,0,1,0.7148077288458297
2230-XTUWL,0,0,0.005468715954001953
1980-KXVPM,1,1,0.6925427064176795
8619-IJNDK,0,0,0.0029344881758769418
2960-NKRSO,0,0,0.39252572509467065
6705-LXORM,0,1,0.6213383878816138
7130-VTEWQ,1,1,0.7382346618704244
9364-YKUVW,0,0,0.1546302918978285
2761-OCIAX,1,1,0.6936305043790076
7996-BPXHY,0,0,0.04896598294196225
4248-QPAVC,1,0,0.4892432681292486
9357-UJRUN,0,0,0.12348625699065083
6340-DACFT,0,0,0.004570815708742042
1023-BQXZE,0,0,0.028172515461300656
5480-HPRRX,1,1,0.5732156221088454
9576-SYUHJ,0,0,0.4664328824532635
2169-RRLFW,0,0,0.0031453028267488235
8338-QIUNR,0,0,0.006735627307349539
0463-TXOAK,0,0,0.005838626311553349
4396-KLSEH,0,0,0.2922017140246694
5186-EJEGL,0,0,0.2477073815634224
9334-GWGOW,0,1,0.7538430677146282
5696-JVVQY,0,0,0.017999242029408676
9633-DENPU,0,0,0.12285132063152739
0581-BXBUB,0,1,0.5975588573885197
2750-BJLSB,0,0,0.18471629519609956
2770-NSVDG,0,0,0.31968852235684414
8280-MQRQN,1,0,0.42513675987143623
7851-FLGGQ,1,1,0.501538452195591
9374-YOLBJ,0,0,0.2099220884031674
6583-SZVGP,0,0,0.16057566514201907
2150-OEGBV,0,0,0.032013966298822
9372-TXXPS,0,0,0.005334973327432571
6933-FHBZC,0,0,0.1068891712551833
4698-KVLLG,0,0,0.006099860895345677
8752-STIVR,1,1,0.729717326664896
8623-ULFNQ,0,0,0.3562007498039346
9822-WMWVG,0,0,0.3212680156078884
4304-TSPVK,0,0,0.041652642907652714
1716-LSAMB,0,0,0.00904660571446405
3523-QRQLL,1,0,0.15470496960823185
2187-PKZAY,0,1,0.5933476850651754
1895-QTKDO,0,0,0.33001463647362606
8161-QYMTT,0,1,0.8113525061184524
2955-PSXOE,1,0,0.23979404928484455
6834-NXDCA,1,1,0.5225774877928426
8701-DGLVH,0,0,0.00598111361455196
2480-SQIOB,0,0,0.3504418134713929
4993-JCRGJ,0,0,0.42308250023263044
0581-MDMPW,0,1,0.554957025796451
7789-CRUVC,0,0,0.14024707116820753
0164-APGRB,0,0,0.07934303812230224
8034-RYTVV,0,0,0.10643337506341452
3018-TFTSU,1,0,0.3193307504898036
9777-IQHWP,0,0,0.037625021899697866
6899-PPEEA,1,1,0.6627010113445956
6701-YVNQG,0,0,0.016203788099986148
7649-PHJVR,0,0,0.07023074483313828
9278-VZKCD,0,0,0.4546003909440057
7636-PEPNS,0,0,0.029223430399588784
1575-KRZZE,0,0,0.2616694489543184
8590-OHDIW,0,0,0.01659617191268825
7764-BDPEE,0,0,0.14704836274622074
9480-BQJEI,0,0,0.1141402860898733
3354-OADJP,0,0,0.0791612189887301
3181-MIZBN,0,0,0.1179358313809793
9327-QSDED,0,0,0.29607054623729806
4892-VLANZ,1,0,0.19432744468314891
0298-XACET,0,0,0.018003291576267264
6917-FIJHC,0,0,0.004632390225499599
6557-BZXLQ,0,1,0.5288965099160615
2432-TFSMK,0,0,0.43280901261009613
4211-MMAZN,1,0,0.19296394762986777
4751-ERMAN,0,0,0.017773152876217568
8430-TWCBX,0,0,0.011361958124192044
1942-OQFRW,0,0,0.431616475444584
4075-JFPGR,0,0,0.15248986348912258
3339-EAQNV,0,0,0.19012079204438376
5329-KRDTM,0,0,0.0119745087620226
0307-BCOPK,0,0,0.055804675625092566
6473-ULUHT,0,0,0.23149544152839588
1194-SPVSP,0,0,0.18342353903630132
7249-WBIYX,1,1,0.7507561879171061
2293-IJWPS,0,0,0.25983647999812304
4377-VDHYI,0,0,0.2102753904433205
0019-EFAEP,0,0,0.047526416863630926
2480-EJWYP,0,0,0.2439866123563479
8970-ANWXO,0,0,0.21284640867618979
8739-WWKDU,1,1,0.6516774416882083
2171-UDMFD,0,0,0.058387288573490605
7036-TYDEC,0,0,0.08373379495239518
3831-YCPUO,0,0,0.02946763414695728
0121-SNYRK,0,0,0.03608498940646515
3325-FUYCG,1,0,0.2625095024654092
1952-DVVSW,0,0,0.07208195579094911
3571-DPYUH,0,0,0.10489699808291753
2077-MPJQO,0,1,0.753925702006663
2391-SOORI,1,0,0.26076457324756297
4086-ATNFV,0,0,0.045658704881850046
3396-DKDEL,0,0,0.04625926376913865
7471-MQPOS,0,0,0.029299013650338636
7181-OQCUT,0,0,0.48911825965192135
3489-VSFRD,0,0,0.018716936267711537
6283-GITPX,0,0,0.006370950682731612
2845-HSJCY,1,1,0.6868281328898571
7216-KAOID,0,0,0.013917456782917972
6680-WKXRZ,1,1,0.5810039187117869
2346-LOCWC,0,0,0.0031302541708165617
0769-MURVM,0,0,0.007705351682386564
3374-LXDEV,1,0,0.45503981373958563
5318-YKDPV,0,0,0.026524442299734864
8190-ZTQFB,0,0,0.22159303367359154
4512-ZUIYL,1,1,0.5164174469302472
3090-QFUVD,0,0,0.1742555708342645
4806-KEXQR,1,1,0.7316704771836283
2369-FEVNO,0,0,0.25880782413327585
9637-CDTKZ,0,0,0.052042532158080954
2954-PIBKO,0,0,0.007056265460546084
2212-LYASK,0,0,0.1495990721526608
9481-SFCQY,0,0,0.29363017693252336
2828-SLQPF,0,0,0.2621113129666403
4647-MUZON,0,1,0.5904796269315646
8212-DJRCH,0,0,0.49799892719230077
0516-OOHAR,0,0,0.2118104523017814
4973-RLZVI,0,0,0.0399867459061068
8089-UZWLX,0,0,0.08569518148783116
9732-KPKBW,1,0,0.3316120642391667
9715-WZCLW,0,0,0.09064523574192392
0257-KXZGU,0,0,0.11917626741755356
0707-HOVVN,0,0,0.01871729508776217
5501-TVMGM,0,1,0.5731369198395381
3422-LYEPQ,1,1,0.6577821323484359
2277-VWCNI,0,0,0.42723937933703193
5461-QKNTN,0,0,0.44201424177718374
3967-KXAPS,0,0,0.011539485154671698
6919-ELBGL,0,0,0.05007955463919864
8361-LTMKD,1,1,0.7170104565909345
1131-ALZWV,0,0,0.048730465281005504
5178-LMXOP,1,1,0.8542800422236804
8992-CEUEN,0,0,0.24684544838000064
3320-VEOYC,0,1,0.7941675578355484
3672-YITQD,1,1,0.6144826373632227
6080-TCMYC,0,0,0.4151197837882111
6734-FQAJX,0,0,0.06979605345080317
1063-DHQJF,0,0,0.03398239724542233
3976-NLDEZ,0,0,0.19190849146331138
1729-VLAZJ,0,0,0.08747083614428137
3400-ESFUW,1,0,0.005322100866033913
5271-YNWVR,1,0,0.07287446878815204
1587-FKLZB,1,0,0.34561561433420873
0958-YHXGP,0,1,0.5838782285464975
1494-EJZDW,0,0,0.03150103620451066
1816-FLZDK,0,0,0.40132753537580235
2075-PUEPR,0,0,0.0038859167433681657
1833-TCXKK,0,0,0.46078401402817837
1436-ZMJAN,0,0,0.447310600304602
0106-UGRDO,0,0,0.08526284166984271
1069-XAIEM,1,1,0.8184928525557355
4213-HKBJO,0,0,0.016533485022080924
8345-MVDYC,0,0,0.01973559861219955
2672-OJQZP,0,0,0.34945664883713734
5136-RGMZO,0,0,0.2631150073065325
5774-QPLTF,0,0,0.013941120826905809
5240-CAOYT,0,0,0.12888316080288734
3707-GNWHM,1,1,0.7040430704706522
5159-YFPKQ,1,1,0.6830687697764107
5052-PNLOS,1,1,0.7204558905536013
6173-GOLSU,0,0,0.35316363804638073
6661-HBGWL,1,1,0.5065688935806858
8207-VVMYB,0,0,0.005029369200426856
5324-KTGCG,0,0,0.006420169633978274
7354-OIJLX,0,1,0.7086078476343527
9286-BHDQG,0,0,0.0035672327549890735
3567-PQTSO,0,0,0.28975785849819713
3197-ARFOY,0,0,0.42089174625186787
5698-BQJOH,1,1,0.7298054404219664
1090-ESELR,0,0,0.02076016582203613
0056-EPFBG,0,0,0.04987895792358008
4955-VCWBI,0,0,0.013180361688329988
4717-GHADL,0,0,0.04704825500687944
0058-EVZWM,0,0,0.26104032379572734
7218-HKQFK,1,1,0.7203089868157775
5057-RKGLH,0,0,0.03275315604580382
2309-OSFEU,1,1,0.5436683569015116
3429-IFLEM,0,0,0.005361169193751395
1550-LOAHA,1,0,0.30572995728465624
1400-MMYXY,1,1,0.8157033005912514
7503-QQRVF,1,0,0.4887169637240582
7504-UWHNB,0,0,0.4182109005267654
9565-JSNFM,1,0,0.1793352095511814
4735-BJKOU,0,0,0.009738852583483382
3580-GICBM,0,0,0.006231634029087435
7632-YUTXB,0,0,0.030312225991799387
9412-ARGBX,1,0,0.05964863880587165
9576-ANLXO,1,1,0.6014561721197808
1110-KYLGQ,0,0,0.19607627818979134
8696-JKZNU,1,1,0.5171135255805528
8757-TFHHJ,0,0,0.3197255926355566
2955-BJZHG,1,0,0.4993440742329776
9048-JVYVF,1,1,0.5213216060310307
0682-USIXD,0,1,0.5209899094463615
3884-UEBXB,0,0,0.005833724881433442
1776-SPBWV,0,0,0.026826060135605945
9050-QLROH,1,1,0.5997018518240914
2925-VDZHY,0,0,0.009438122826476264
9512-UIBFX,1,0,0.4798544856641569
8676-TRMJS,1,1,0.600931702739198
3334-CTHOL,1,0,0.4898783895597463
6331-LWDTQ,1,1,0.515811894118574
3847-BAERP,0,0,0.18230750500034126
4709-LKHYG,0,0,0.03374485590329638
8621-MNIHH,1,1,0.5916223433653398
8884-ADFVN,1,1,0.8216919358498435
2885-HIJDH,0,0,0.011804271573326116
8570-KLJYJ,0,0,0.05650660752185494
9339-FIIJL,0,0,0.016235458107776865
6223-DHJGV,0,0,0.024835442064022658
0959-WHOKV,0,0,0.2588975386414713
9610-WCESF,0,0,0.013290101703186608
9279-CJEOJ,0,1,0.6828759501859764
2985-FMWYF,0,1,0.7341581090269134
3540-RZJYU,1,0,0.4544620098283474
2522-WLNSF,0,0,0.0676008246383219
6861-XWTWQ,1,1,0.8281470288243575
8735-NBLWT,0,0,0.11637761725167307
1744-JHKYS,0,0,0.08817245189522868
0841-NULXI,1,1,0.7008727016143592
4016-BJKTZ,0,0,0.21235533801590045
9298-WGMRW,0,0,0.05365243760770886
7893-IXHRQ,1,0,0.24475520055965902
8785-CJSHH,0,0,0.44880943776418
7654-YWJUF,0,0,0.0869053913991034
8909-BOLNL,0,0,0.09550959146282825
9919-FZDED,0,0,0.024865842869673468
0322-CHQRU,1,0,0.4152615777446156
3587-PMCOY,0,0,0.4850515244196845
0655-RBDUG,1,1,0.7423863663560304
0983-TATYJ,0,0,0.07065222165063165
5650-YLIBA,0,1,0.506958545881278
5144-TVGLP,0,1,0.5808922972152412
3569-EDBPQ,0,0,0.4044861282116651
4945-RVMTE,0,0,0.24127600991368628
3511-BFTJW,0,0,0.004912609195681717
5537-UXXVS,0,0,0.08503655555371153
8782-NUUOL,0,0,0.026820457999185428
2865-TCHJW,1,1,0.8005999496024384
9931-KGHOA,0,0,0.0723309883496931
3071-MVJCD,0,0,0.006196873636140322
7279-BUYWN,1,1,0.5136553296183834
3756-VNWDH,0,0,0.24954355982585702
1395-OFUWC,0,0,0.08471812588794811
4223-BKEOR,0,0,0.07485703537142385
0040-HALCW,0,0,0.0038386392673395173
7124-UGSUR,1,0,0.2384505184804447
7395-XWZOY,0,0,0.2179449339053715
5440-VHLUL,0,0,0.1410596398911876
4706-DGAHW,0,0,0.46158974876912023
8166-ORCHU,0,0,0.2089188618205426
3978-YNKDD,0,0,0.019022551630584045
7198-GLXTC,1,1,0.6699259168761929
6366-XIVKZ,0,0,0.25013288041359777
5133-POWUA,0,0,0.43826867549162024
8400-WZICQ,0,0,0.04012137527793657
5382-SOYZL,0,1,0.73403521482973
1989-PRJHP,1,1,0.6020795524041775
4154-AQUGT,1,0,0.49590594600835153
0980-FEXWF,0,0,0.07277380875962451
5845-BZZIB,0,0,0.010145578819502458
4840-ORQXB,0,0,0.42040754807107633
0295-PPHDO,1,1,0.8315825727044875
8775-ERLNB,0,1,0.724831365151649
0376-YMCJC,1,1,0.5761471829692941
7410-YTJIK,1,1,0.55921120476036
9927-DSWDF,0,0,0.4460269866950782
6681-ZSEXG,0,0,0.018019185981133938
5702-KVQRD,0,0,0.019168496096581767
8711-LOBKY,0,0,0.0034062100527150513
9692-TUSXH,1,1,0.5912786032556616
4012-YCFAI,0,0,0.00880721129195517
8455-HIRAQ,0,0,0.28956605026392057
7853-WNZSY,0,0,0.2402192770873542
0390-DCFDQ,1,1,0.668077763394591
6421-SZVEM,0,0,0.18966980192222802
3094-JOJAI,0,0,0.48384787807878915
4873-ILOLJ,1,1,0.6547358365562903
8181-YHCMF,0,0,0.012640468560464144
3324-OIRTO,0,0,0.07597227800123905
9135-HSWOC,0,0,0.0036340938066349395
2272-WUSPA,0,0,0.09557847928405376
4627-MIHJH,0,0,0.047127220187917256
3896-RCYYE,0,0,0.09268864844875725
6729-GDNGC,0,0,0.45957990649017083
9945-PSVIP,0,0,0.022868371649046922
4137-JOPHL,0,0,0.06967183661716866
2720-FVBQP,0,0,0.3882930228140298
7854-EKTJL,1,0,0.26348207015303376
1133-KXCGE,0,0,0.05056740419888711
6048-QBXKL,0,0,0.457575448009334
6338-AVWCY,1,1,0.605571639959044
0013-MHZWF,0,0,0.3122566272794523
9804-ICWBG,1,1,0.7061787168448527
2368-GAKKQ,0,0,0.05522395271183774
4829-AUOAX,1,0,0.3814799823112917
7876-BEUTG,0,0,0.37689121955847305
6349-JDHQP,0,0,0.004839776492633323
3063-QFSZL,1,1,0.5671021875636779
9142-XMYJH,0,0,0.05553439370890186
2609-IAICY,1,1,0.7499867936450515
8626-PTQGE,0,0,0.015518953123563401
0230-UBYPQ,0,0,0.016047572463924912
6814-ZPWFQ,0,0,0.01727767021900941
5921-NGYRH,0,0,0.12655305658139207
7803-XOCCZ,0,0,0.10304058583129422
1459-QNFQT,0,0,0.009639543139880925
3948-FVVRP,0,0,0.1582192502880835
0923-PNFUB,1,1,0.6188513353199597
4654-ULTTN,0,0,0.013428772928501453
5628-FCGYG,0,1,0.6828654552384966
0506-LVNGN,1,1,0.5977707894835786
4329-YPDDQ,0,0,0.37156730156757145
9866-OCCKE,0,0,0.07495512416673204
0794-YVSGE,0,0,0.0016972563287914627
4342-HENTK,1,1,0.7212987097592123
5934-TSSAU,0,0,0.3661867085913842
9986-BONCE,1,0,0.15727562136202722
5301-GAUUY,1,0,0.40080982764362055
0725-CXOTM,0,0,0.09263210909500663
2843-CQMEG,0,0,0.21288606611616298
5600-PDUJF,0,0,0.2903521090688117
4500-HKANN,0,0,0.03791939726749048
1862-QRWPE,0,0,0.005178374528494009
2155-AMQRX,0,0,0.1849785439608719
0823-HSCDJ,1,0,0.2777260026889842
4090-KPJIP,0,1,0.7448244031622859
2737-YNGYW,1,1,0.6606349914561419
5619-XZZKR,0,0,0.09355474931728601
6047-YHPVI,1,1,0.6757236271254222
8375-DKEBR,1,1,0.7321593074343853
7729-XBTWX,0,0,0.0035884596831294376
4983-CLMLV,0,0,0.322576979962242
9227-LUNBG,1,1,0.5631613967393236
2758-RNWXS,0,0,0.20006911138883002
7055-HNEOJ,0,0,0.32736476172620543
7134-MJPDY,0,0,0.18716225042137602
4560-WQAQW,0,0,0.024237314482105057
8532-UEFWH,0,0,0.006592751992463492
8541-QVFKM,0,1,0.7196062186102833
7129-ACFOG,0,0,0.447987215518701
2495-INZWQ,1,1,0.7249580338136911
0263-FJTQO,0,0,0.019825673546102443
0181-RITDD,0,0,0.03087927314355747
8241-JUIQO,0,0,0.006851890803161919
0913-XWSCN,0,0,0.22119196217492498
2159-TURXX,0,0,0.1523626676212444
6461-PPAXN,0,0,0.034409900521968566
1452-KIOVK,0,0,0.48766378643689723
1139-WUOAH,0,0,0.026775801208978718
3207-OYBWH,1,0,0.3387871821971617
8347-GDTMP,0,0,0.002960185828625543
9909-DFRJA,0,0,0.16999663272573262
6383-ZTSIW,0,0,0.17297150215391238
5438-QMDDL,0,0,0.2982399004803279
8914-RBTSB,1,0,0.49769520728738614
6164-HXUGH,0,0,0.13244798081748269
6900-RBKER,0,0,0.12240886875754416
1492-QGCLU,0,0,0.0986200153066692
6664-FPDAC,1,0,0.2817302273441281
1088-AUUZZ,0,0,0.01461252834524853
6651-AZVTJ,1,1,0.5086748886966489
8219-VYBVI,0,0,0.01170884458632324
0310-MVLET,1,0,0.38684166381140134
7233-IOQNP,0,0,0.06295534659663364
7311-MQJCH,0,0,0.11724953323998026
9256-JTBNZ,0,0,0.12064239363471567
8713-IGZSO,0,0,0.23531628522891507
6821-BUXUX,1,1,0.5946003853268144
9114-DPSIA,0,0,0.006093058192641808
4501-UYKBC,0,0,0.08660371385074377
2798-NYLMZ,0,0,0.05889030034244406
6711-VTNRE,1,0,0.406618423861221
5966-EMAZU,0,0,0.13858460211129286
3627-FHKBK,1,0,0.43575402005227787
7861-UVUFT,1,1,0.6550392475739256
9824-QCJPK,0,0,0.023002517518752853
7816-VGHTO,0,0,0.08004628027215002
3794-NFNCH,0,0,0.19778722129528314
3877-JRJIP,1,1,0.6430277559276397
5228-EXCET,1,1,0.6648081471990174
6248-BSHKG,0,0,0.005898244987146595
8915-NNTRC,0,0,0.04324818755705447
3470-OBUET,0,0,0.006762682701027655
3229-USWAR,0,0,0.0764894432920827
1927-QEWMY,0,0,0.002056710235571128
6374-AFWOX,0,0,0.010213070029858273
7912-SYRQT,1,1,0.6363652575537424
2070-FNEXE,1,0,0.39727000495587095
5803-NQJZO,0,0,0.007755412580496815
5651-YLPRD,0,0,0.4271564539485111
1271-UODNO,0,0,0.03918335924060534
5014-WUQMG,0,0,0.14003727277741085
5889-JTMUL,1,0,0.48207058532521657
0788-DXBFY,0,0,0.01334992631005917
2669-QVCRG,0,0,0.26172154736917996
6630-UJZMY,0,1,0.8115036059667966
5061-PBXFW,0,0,0.04439908907848157
2700-LUEVA,0,0,0.1761312668338775
3865-ZFZIB,0,0,0.026072601896312123
0471-ARVMX,0,0,0.2541834855719566
8985-OOPOS,0,0,0.2003347265900133
0719-SYFRB,1,0,0.24065045113177852
0447-BEMNG,1,0,0.12970428136937456
5630-AHZIL,0,0,0.23267859815471317
2190-BCXEC,0,0,0.29257746536599877
1559-DTODC,0,0,0.3625810699486117
3244-DCJWY,1,1,0.7002297522618339
3967-VQOGC,0,0,0.0047851547654515336
0265-PSUAE,0,0,0.36109767900026896
1622-HSHSF,0,0,0.25595587744219656
9867-XOBQA,0,0,0.04063355650925382
6773-LQTVT,0,0,0.23516810456227658
4332-MUOEZ,0,0,0.13722826538798366
0023-XUOPT,1,1,0.6130421536487746
6543-CPZMK,1,0,0.4756026093662518
6418-HNFED,0,0,0.021274244091425937
1036-GUDCL,0,0,0.04773059859007819
4818-QIUFN,1,1,0.5606939744713755
0778-NELLA,1,1,0.526703834514549
7495-OOKFY,1,1,0.6162733741330259
4737-HOBAX,0,0,0.023373820743805642
7919-ZODZZ,0,0,0.18342572152305345
2988-PLAHS,0,0,0.42331849484387135
9067-SQTNS,0,0,0.012060380494464366
6483-OATDN,0,0,0.22100666153398643
5469-CTCWN,1,0,0.18578199908770568
3524-WQDSG,0,0,0.4477053385465002
6968-URWQU,0,0,0.08935890256800808
8601-QACRS,1,0,0.46583996653632137
8690-UPCZI,0,0,0.0549440797332451
5331-RGMTT,0,0,0.46206874050066504
1357-BIJKI,0,0,0.35197706771425485
2088-IEBAU,0,0,0.027744900164746965
0679-IDSTG,1,1,0.6921675221122789
6519-ZHPXP,0,0,0.029767832389496967
2101-RANCD,0,0,0.34774285511003833
4029-HPFVY,0,1,0.6206180622664277
1015-OWJKI,0,0,0.19661616119239503
8314-HTWVE,0,0,0.036113608924838045
5357-TZHPP,1,1,0.7050296358033115
8727-XDPUD,0,0,0.05524436586233791
9073-ZZIAY,0,0,0.012553687685693062
5181-OABFK,0,0,0.009691565564531417
3812-LRZIR,0,0,0.027649844191143177
5204-HMGYF,0,0,0.03805253060790058
9950-MTGYX,0,0,0.01806023497165738
3675-EQOZA,0,0,0.1544221474003951
3646-ITDGM,0,0,0.004286446957575193
3913-FCUUW,0,0,0.006288012418915544
